{"index":1713221794.688182,"library":1713221272.9775653,"tools":1713221526.4601576,"resources":1707152500.5706909,"composers/chopin":1701035726.2464998,"composers/scriabin":1706688215.8034525,"elements/ct_lt":1707160580.0670824,"elements/monte_principale":1712079906.8800955,"elements/ninth_arps":1708266859.6050234,"elements/augmented_triads":1713194737.7882528,"elements/tb":1712079821.253237,"elements/spinning_forward":1705422426.7568192,"elements/stepwise_leo":1705509031.3250194,"elements/ivmaj7_iiimin7":1697734431.0941164,"elements/V7b9_chord":1712914094.903049,"elements/lh_waltz":1697734445.3996038,"elements/V_over_1":1712914651.549235,"elements/picardy_third":1707155274.88546,"elements/suspensions":1710398954.5238962,"elements/predominants":1713213215.5426242,"elements/augmented_maj7":1713212280.2069714,"elements/lh_arps":1697487543.158628,"elements/harmonic_minor":1708276101.7187567,"elements/moonlight_modulation":1705255222.0691679,"elements/chopin_chord":1713213883.3399422,"elements/rel_maj_modulation":1712406593.589335,"elements/prinner":1692464391.749662,"elements/chromatic_thirds":1699016700.2248101,"elements/pianoidee":1712913767.22302,"elements/n6":1710399909.630262,"elements/iv_hdim":1713218931.282562,"elements/harmonic_major":1712929527.1751974,"elements/quartal":1712404075.08838,"elements/openers":1705528488.7457738,"elements/romantic_schemata":1712077445.579707,"elements/V9_chord":1712404011.956763,"elements/endings":1708451569.4145987,"elements/omnibus":1705255360.3791354}